Row,Account_Number_1,Account_Number_2,Routing_Number,Notes
1,586320484095,458385015647,061000146,ABA number
2,562098586021,310012015157,031100209,ABA number
3,092814867572,385742831546,063103915,bank account
4,162890726002,901001856353,011401533,bank account
5,340913548601,599287434539,071000013,USA
6,610985742032,708000093468,053000219,
7,598761035902,450148392914,021200025,
8,951208363010,810001816445,074000010,
9,789067432101,730846851190,061212340,
10,831207734350,409012924477,011500120,
11,062515582001,845678439274,063113057,
12,821450236711,608009466378,102101645,
13,385765901625,710012849933,021000089,
14,471201360915,942345017062,021200339,
15,328501920360,453280018756,322270356,
16,965204615003,409029485640,021000021,
17,057615832409,568343059947,081300948,
18,935720181236,810000935653,123006800,
19,503479016255,870014635878,065000090,
20,541039752105,608001245345,011201759,
21,812961730532,831975309278,111901738,
22,663729805162,901001452561,031101279,
23,732147589026,942385016504,123006800,
24,621057819230,607001003339,026009593,
25,847109853045,715193437759,114901322,
26,469083736104,901000093458,021101108,
27,708903615283,450013846589,101089292,
28,801234709585,506010028899,122000661,
29,936257891543,530918473896,071101307,
30,073692189552,810001027812,073900990,
31,051367894325,870415938349,051000017,
32,986473016215,542001243582,064103833,
33,897123047601,310019475834,031100089,
34,945382018905,810000739343,083900363,
35,143905860135,860014634058,091300719,
36,938501245090,902346185638,111000038,
37,230958610934,950658439712,053902197,
38,235018765382,508000019343,031000503,
39,463890716352,530928473068,122105155,
40,971502546890,810001238429,067014822,
41,692035184739,771920348561,111901728,
42,584917306201,406010925678,121000248,
43,728093461025,956485163946,102001017,
44,019630517824,310097533901,053101691,
45,245871305129,450132968175,325070760,
46,832051636901,901001058797,021001208,
47,136509754812,801635418789,064208165,
48,224781029301,608001123466,044000037,
49,982340168703,810193468017,021911979,
50,980170264015,810007394532,021202337,
